[
  {
    "title": "Test 2",
    "date": "2024-07-17T08:57:12.096Z",
    "slug": "2024-07-17-test-2",
    "image": "/images/uploads/img_1808.jpeg",
    "description": "C'est encore un test"
  },
  {
    "title": "Test du titre",
    "date": "2024-07-16T22:36:34.009Z",
    "slug": "2024-07-16-test-du-titre",
    "image": "/images/uploads/img_1808.jpeg"
  },
  {
    "title": "Célébration de la Pentecôte",
    "date": "2023-05-25T00:00:00.000Z",
    "slug": "2023-05-25-pentecote",
    "image": "/images/uploads/phoenix1972_40_years_old_woman_holding_open_the_bible_with_her_44e3e48e-e69a-4363-8816-f2156e6bef09.png"
  }
]